{
  "id": "",
  "name": "",
  "font_family": "iconfont",
  "css_prefix_text": "icon-",
  "description": "",
  "glyphs": [
    {
      "icon_id": "5387910",
      "name": "箭头_列表向右_o",
      "font_class": "jiantou_liebiaoxiangyou_o",
      "unicode": "eb8a",
      "unicode_decimal": 60298
    },
    {
      "icon_id": "5387920",
      "name": "箭头_列表向左_o",
      "font_class": "jiantou_liebiaoxiangzuo_o",
      "unicode": "eb8e",
      "unicode_decimal": 60302
    },
    {
      "icon_id": "5387932",
      "name": "箭头_页面_向右_o",
      "font_class": "jiantou_yemian_xiangyou_o",
      "unicode": "eb93",
      "unicode_decimal": 60307
    },
    {
      "icon_id": "5387935",
      "name": "箭头_页面_向左_o",
      "font_class": "jiantou_yemian_xiangzuo_o",
      "unicode": "eb94",
      "unicode_decimal": 60308
    }
  ]
}
